{
  "userAgent": "Mozilla/5.0 (X11; Linux x86_64) AppleWebKit/537.36 (KHTML, like Gecko) Chrome/130.0.0.0 Safari/537.36",
  "msph": {
    "UnpaddedKChaCha4": 1.0470000000298023,
    "UnpaddedKChaCha8": 1.0460000000149012,
    "UnpaddedKChaCha12": 1.0479999999701977,
    "Balloon4-1024": 0.45165562915880947,
    "Balloon4-65536": 53,
    "Balloon4-131072": 33.51349862258542,
    "Balloon4-524288": 142.42941176496885,
    "Balloon4-1048576": 273.20571428558657,
    "Balloon4-16777216": 8592.60000000149
  },
  "results": {
    "Warming up JIT (UnpaddedKChaCha4)": {
      "took": 144.79999999701977,
      "data": {
        "iters": 800
      }
    },
    "UnpaddedKChaCha4": {
      "took": 104.70000000298023,
      "data": {
        "iters": 100
      }
    },
    "Warming up JIT (UnpaddedKChaCha8)": {
      "took": 152.10000000149012,
      "data": {
        "iters": 800
      }
    },
    "UnpaddedKChaCha8": {
      "took": 104.60000000149012,
      "data": {
        "iters": 100
      }
    },
    "Warming up JIT (UnpaddedKChaCha12)": {
      "took": 153.10000000149012,
      "data": {
        "iters": 800
      }
    },
    "UnpaddedKChaCha12": {
      "took": 104.79999999701977,
      "data": {
        "iters": 100
      }
    },
    "Warming up JIT (Balloon)": {
      "took": 1140.3000000044703,
      "data": {}
    },
    "PoW=8  @ 1KiB, test 1": {
      "took": 23,
      "data": {
        "iters": 8,
        "complexity": 8,
        "mem": 1024
      }
    },
    "PoW=8  @ 1KiB, test 2": {
      "took": 91.90000000596046,
      "data": {
        "iters": 194,
        "complexity": 8,
        "mem": 1024
      }
    },
    "PoW=8  @ 1KiB, test 3": {
      "took": 365.20000000298023,
      "data": {
        "iters": 908,
        "complexity": 8,
        "mem": 1024
      }
    },
    "PoW=8  @ 1KiB, test 4": {
      "took": 381.6000000014901,
      "data": {
        "iters": 902,
        "complexity": 8,
        "mem": 1024
      }
    },
    "PoW=8  @ 1KiB, test 5": {
      "took": 98.39999999850988,
      "data": {
        "iters": 204,
        "complexity": 8,
        "mem": 1024
      }
    },
    "PoW=8  @ 1KiB, test 6": {
      "took": 165,
      "data": {
        "iters": 378,
        "complexity": 8,
        "mem": 1024
      }
    },
    "PoW=8  @ 1KiB, test 7": {
      "took": 1166.5999999940395,
      "data": {
        "iters": 3004,
        "complexity": 8,
        "mem": 1024
      }
    },
    "PoW=8  @ 1KiB, test 8": {
      "took": 295.30000000447035,
      "data": {
        "iters": 722,
        "complexity": 8,
        "mem": 1024
      }
    },
    "PoW=9  @ 1KiB, test 1": {
      "took": 304.29999999701977,
      "data": {
        "iters": 876,
        "complexity": 9,
        "mem": 1024
      }
    },
    "PoW=9  @ 1KiB, test 2": {
      "took": 68.20000000298023,
      "data": {
        "iters": 150,
        "complexity": 9,
        "mem": 1024
      }
    },
    "PoW=6  @ 64KiB, test 1": {
      "took": 870.8999999985099,
      "data": {
        "iters": 48,
        "complexity": 6,
        "mem": 65536
      }
    },
    "PoW=6  @ 64KiB, test 2": {
      "took": 4929.39999999851,
      "data": {
        "iters": 288,
        "complexity": 6,
        "mem": 65536
      }
    },
    "PoW=6  @ 64KiB, test 3": {
      "took": 1979.0999999940395,
      "data": {
        "iters": 114,
        "complexity": 6,
        "mem": 65536
      }
    },
    "PoW=6  @ 64KiB, test 4": {
      "took": 53.30000000447035,
      "data": {
        "iters": 0,
        "complexity": 6,
        "mem": 65536
      }
    },
    "PoW=7  @ 64KiB, test 1": {
      "took": 53,
      "data": {
        "iters": 0,
        "complexity": 7,
        "mem": 65536
      }
    },
    "PoW=6  @ 128KiB, test 1": {
      "took": 12165.39999999851,
      "data": {
        "iters": 362,
        "complexity": 6,
        "mem": 131072
      }
    },
    "PoW=5  @ 512KiB, test 1": {
      "took": 2421.3000000044703,
      "data": {
        "iters": 16,
        "complexity": 5,
        "mem": 524288
      }
    },
    "PoW=5  @ 1MiB, test 1": {
      "took": 9562.19999999553,
      "data": {
        "iters": 34,
        "complexity": 5,
        "mem": 1048576
      }
    },
    "Balloon @ 16MiB": {
      "took": 8592.60000000149,
      "data": {
        "iters": 0,
        "complexity": 0,
        "mem": 16777216
      }
    }
  }
}